old_name	new_name
FID	FID
IID	IID
O-Phosphoryl-ethanolamine	O_Phosphoryl_ethanolamine
Acesulfame	Acesulfame
Acetic acid	Acetic_acid
Propanoic acid	Propanoic_acid
Glycolic acid	Glycolic_acid
But-2-enoic acid	But_2_enoic_acid
Valeric acid	Valeric_acid
2-Aminoisobutyric acid	P_2_Aminoisobutyric_acid
L-Alpha-aminobutyric acid	L_Alpha_aminobutyric_acid
alpha-Hydroxyisobutyric acid	alpha_Hydroxyisobutyric_acid
2-Hydroxybutyric acid	P_2_Hydroxybutyric_acid
3-Hydroxybutyric acid	P_3_Hydroxybutyric_acid
Acetylglycine	Acetylglycine
3-Hydroxyisovaleric acid	P_3_Hydroxyisovaleric_acid
2-Hydroxy-2-methylbutyric acid	P_2_Hydroxy_2_methylbutyric_acid
5-Aminoimidazole-4-carboxamide	P_5_Aminoimidazole_4_carboxamide
L-Pipecolic acid	L_Pipecolic_acid
4-Hydroxyproline	P_4_Hydroxyproline
cis-4-Hydroxy-D-proline	cis_4_Hydroxy_D_proline
Hydroxyisocaproic acid	Hydroxyisocaproic_acid
Erythronic acid	Erythronic_acid
2-Methylbenzoic acid	P_2_Methylbenzoic_acid
N-Methylnicotinamide	N_Methylnicotinamide
3,4-Dihydroxybenzaldehyde	P_3_4_Dihydroxybenzaldehyde
2-Ethylhexanoic acid	P_2_Ethylhexanoic_acid
2-Methylheptanoic Acid	P_2_Methylheptanoic_Acid
4-Acetamidobutanoic acid	P_4_Acetamidobutanoic_acid
4-Guanidinobutyric acid	P_4_Guanidinobutyric_acid
N,N-Dimethyl-L-Valine	N_N_Dimethyl_L_Valine
Monomethyl glutaric acid	Monomethyl_glutaric_acid
3-Methyloxindole	P_3_Methyloxindole
3,4-Dihydro-2H-1-benzopyran-2-one	P_3_4_Dihydro_2H_1_benzopyran_2_one
D-Xylose	D_Xylose
Hydrocinnamic acid	Hydrocinnamic_acid
2-HYDROXY-4-(METHYLTHIO)BUTANOATE	P_2_HYDROXY_4_METHYLTHIO_BUTANOATE
Phenylglyoxylic acid	Phenylglyoxylic_acid
D-Arabinose	D_Arabinose
2-Phenylpropionic acid	P_2_Phenylpropionic_acid
2-Phenylglycine	P_2_Phenylglycine
(S)C(S)S-S-Methylcysteine sulfoxide	S_C_S_S_S_Methylcysteine_sulfoxide
3-Hydroxyphenylacetic acid	P_3_Hydroxyphenylacetic_acid
Mandelic acid	Mandelic_acid
Ribitol	Ribitol
3-Hydroxyanthranilic acid	P_3_Hydroxyanthranilic_acid
3-Aminosalicylic acid	P_3_Aminosalicylic_acid
Gentisic acid	Gentisic_acid
N-Acetylproline	N_Acetylproline
Tranexamic Acid	Tranexamic_Acid
Isovalerylglycine	Isovalerylglycine
Hydroxyoctanoic acid	Hydroxyoctanoic_acid
2-Indolecarboxylic acid	P_2_Indolecarboxylic_acid
S-Allylcysteine	S_Allylcysteine
Bicine	Bicine
3-Phenylbutyric acid	P_3_Phenylbutyric_acid
2-Deoxyglucose	P_2_Deoxyglucose
4-Hydroxycinnamic acid	P_4_Hydroxycinnamic_acid
m-Coumaric acid	m_Coumaric_acid
L-Phenylalanine	L_Phenylalanine
Phenyllactic acid	Phenyllactic_acid
Desaminotyrosine	Desaminotyrosine
Arabinonic acid	Arabinonic_acid
Vanillic acid	Vanillic_acid
p-Hydroxymandelic acid	p_Hydroxymandelic_acid
1-Methylhistidine	P_1_Methylhistidine
Decanoic acid	Decanoic_acid
beta-Glycerophosphoric acid	beta_Glycerophosphoric_acid
N-Acetylleucine	N_Acetylleucine
Shikimic acid	Shikimic_acid
Dehydroascorbic acid	Dehydroascorbic_acid
Glycylvaline	Glycylvaline
L-Arginine	L_Arginine
L-Gulonolactone	L_Gulonolactone
Glucosamine	Glucosamine
D-Glucose	D_Glucose
L-Sorbose	L_Sorbose
myo-Inositol	myo_Inositol
beta-(m-Hydroxyphenyl)hydracrylic Acid	beta_m_Hydroxyphenyl_hydracrylic_Acid
Undecylenic acid	Undecylenic_acid
Phosphoserine	Phosphoserine
Undecanoic acid	Undecanoic_acid
3-Phosphoglyceric acid	P_3_Phosphoglyceric_acid
Indoleacrylic acid	Indoleacrylic_acid
N-Acetylglutamine	N_Acetylglutamine
L-Homoarginine	L_Homoarginine
10-Hydroxydecanoic acid	P_10_Hydroxydecanoic_acid
3-Indoleglyoxylic acid	P_3_Indoleglyoxylic_acid
N-Acetyl-L-methionine	N_Acetyl_L_methionine
4-Aminohippuric acid	P_4_Aminohippuric_acid
Ferulic acid	Ferulic_acid
3-Hydroxyhippuric	P_3_Hydroxyhippuric
D-Gluconolactone	D_Gluconolactone
Gluconic acid	Gluconic_acid
Homoveratric acid	Homoveratric_acid
Selenomethionine	Selenomethionine
N-Acetyl-L-histidine	N_Acetyl_L_histidine
Syringic acid	Syringic_acid
Vanillymandelic Acid	Vanillymandelic_Acid
5Z-Dodecenoic acid	P_5Z_Dodecenoic_acid
11-Dodecenoic acid	P_11_Dodecenoic_acid
Dodecanoic acid	Dodecanoic_acid
Diethyl oxalpropionate	Diethyl_oxalpropionate
3-Indolebutyric acid	P_3_Indolebutyric_acid
Indolepyruvate	Indolepyruvate
L-Tryptophan	L_Tryptophan
Xanthurenic acid	Xanthurenic_acid
L-Kynurenine	L_Kynurenine
Glyoxylic acid	Glyoxylic_acid
12-Tridecanoic acid	P_12_Tridecanoic_acid
Tridecanoic acid	Tridecanoic_acid
N-a-Acetyl-L-arginine	N_a_Acetyl_L_arginine
Alanylglutamine	Alanylglutamine
N-Acetyl-D-glucosamine	N_Acetyl_D_glucosamine
Oxalic acid	Oxalic_acid
Cortisone	Cortisone
Myristoleic acid	Myristoleic_acid
Myristelaidic acid	Myristelaidic_acid
3-Nitrotyrosine	P_3_Nitrotyrosine
Myristic acid	Myristic_acid
3,4,5-Trimethoxycinnamic acid	P_3_4_5_Trimethoxycinnamic_acid
Pyridoxal 5'-phosphate	Pyridoxal_5_phosphate
Maleic acid	Maleic_acid
Fumaric acid	Fumaric_acid
Palmitoleic acid	Palmitoleic_acid
Palmitelaidic acid	Palmitelaidic_acid
(7Z)-Hexadecenoic Acid	P_7Z_Hexadecenoic_Acid
23-Nordeoxycholic Acid Methyl Ester	P_23_Nordeoxycholic_Acid_Methyl_Ester
Alpha-N-Phenylacetyl-L-glutamine	Alpha_N_Phenylacetyl_L_glutamine
Itaconic acid	Itaconic_acid
Ketoleucine	Ketoleucine
3-Methyl-2-oxovaleric acid	P_3_Methyl_2_oxovaleric_acid
2,3-Diphosphoglyceric acid	P_2_3_Diphosphoglyceric_acid
N-Acetyl-L-alanine	N_Acetyl_L_alanine
D-Aspartic acid	D_Aspartic_acid
Inosine	Inosine
10Z-Heptadecenoic acid	P_10Z_Heptadecenoic_acid
7-Ketolithocholic Acid Methyl Ester	P_7_Ketolithocholic_Acid_Methyl_Ester
cis,cis-Muconic acid	cis_cis_Muconic_acid
Urocanic acid	Urocanic_acid
Alpha-Linolenic acid	Alpha_Linolenic_acid
Linolelaidic acid	Linolelaidic_acid
Adipic acid	Adipic_acid
Methylglutaric acid	Methylglutaric_acid
Oxoglutaric acid	Oxoglutaric_acid
2,2-Dimethylsuccinic acid	P_2_2_Dimethylsuccinic_acid
3,6-Diketocholanic Acid Ethyl Ester	P_3_6_Diketocholanic_Acid_Ethyl_Ester
N-Methyl-D-aspartic acid	N_Methyl_D_aspartic_acid
CIS-11-OCTADECENOIC ACID	CIS_11_OCTADECENOIC_ACID
trans-Vaccenic acid	trans_Vaccenic_acid
Petroselinic acid	Petroselinic_acid
Citramalic acid	Citramalic_acid
Retinal	Retinal
Tartaric acid	Tartaric_acid
7-Dehydrocholic Acid Methyl Ester	P_7_Dehydrocholic_Acid_Methyl_Ester
Etodolac	Etodolac
Aspartame	Aspartame
Pimelic acid	Pimelic_acid
3-Methyladipic acid	P_3_Methyladipic_acid
3-Oxoadipic acid	P_3_Oxoadipic_acid
3,3-Dimethylglutaric acid	P_3_3_Dimethylglutaric_acid
D-Ribulose	D_Ribulose
10Z-Nonadecenoic acid	P_10Z_Nonadecenoic_acid
Ricinoleic acid	Ricinoleic_acid
all-trans-Retinoic acid	all_trans_Retinoic_acid
12-hydroxystearic acid	P_12_hydroxystearic_acid
Phthalic acid	Phthalic_acid
Quinolinic acid	Quinolinic_acid
2,6-Pyridinedicarboxylic acid	P_2_6_Pyridinedicarboxylic_acid
Eicosapentaenoic acid EPA	Eicosapentaenoic_acid_EPA
8Z,11Z,14Z,17Z-EICOSATETRAENOIC ACID	P_8Z_11Z_14Z_17Z_EICOSATETRAENOIC_ACID
CIS-11,14,17-EICOSATRIENOIC ACID	CIS_11_14_17_EICOSATRIENOIC_ACID
8,11,14-Eicosatrienoic acid	P_8_11_14_Eicosatrienoic_acid
Menadione	Menadione
11C,14C-EICOSADIENOIC ACID	P_11C_14C_EICOSADIENOIC_ACID
NANA	NANA
N-Acetylornithine	N_Acetylornithine
11Z-Eicosenoic acid	P_11Z_Eicosenoic_acid
Citrulline	Citrulline
Ureidosuccinic acid	Ureidosuccinic_acid
S-Carboxymethyl-L-cysteine	S_Carboxymethyl_L_cysteine
5beta-CHOLANIC ACID-3alpha, 7beta-DIOL N-(CARBOXYMETHYL)-AMIDE	P_5beta_CHOLANIC_ACID_3alpha_7beta_DIOL_N_CARBOXYMETHYL_AMIDE
4-Hydroxyphenylpyruvic acid	P_4_Hydroxyphenylpyruvic_acid
Etiadienic Acid	Etiadienic_Acid
Pregnenolone	Pregnenolone
Etienic Acid	Etienic_Acid
5beta-ANDROSTAN-3alpha-OL-17beta-CARBOXYLIC ACID	P_5beta_ANDROSTAN_3alpha_OL_17beta_CARBOXYLIC_ACID
5beta-ANDROSTAN-3beta-OL-17beta-CARBOXYLIC ACID	P_5beta_ANDROSTAN_3beta_OL_17beta_CARBOXYLIC_ACID
Leucyl-Glycine	Leucyl_Glycine
Uridine 5'-monophosphate	Uridine_5_monophosphate
Kynurenic acid	Kynurenic_acid
N-carbamoylglutamic Acid	N_carbamoylglutamic_Acid
Docosahexaenoic acid DHA	Docosahexaenoic_acid_DHA
Cyclic AMP	Cyclic_AMP
Docosapentaenoic acid DPA	Docosapentaenoic_acid_DPA
5beta-CHOLANIC ACID-3alpha, 7alpha, 12alpha-TRIOL N-(CARBOXYMETHYL)-AMIDE	P_5beta_CHOLANIC_ACID_3alpha_7alpha_12alpha_TRIOL_N_CARBOXYMETHYL_AMIDE
Etiadienic Acid Methyl Ester	Etiadienic_Acid_Methyl_Ester
Adrenic acid	Adrenic_acid
5beta-ANDROSTAN-3-ONE-17beta-CARBOXYLIC ACID METHYL ESTER	P_5beta_ANDROSTAN_3_ONE_17beta_CARBOXYLIC_ACID_METHYL_ESTER
4-ANDROSTEN-17alpha-OL-3-ONE-17beta-CARBOXYLIC ACID	P_4_ANDROSTEN_17alpha_OL_3_ONE_17beta_CARBOXYLIC_ACID
Docosatrienoic acid	Docosatrienoic_acid
13C,16C-DOCOSADIENOIC ACID	P_13C_16C_DOCOSADIENOIC_ACID
Erucic acid	Erucic_acid
13tr-Docosenoic Acid	P_13tr_Docosenoic_Acid
Isomaltose	Isomaltose
Melibiose	Melibiose
Lactulose	Lactulose
Medroxyprogesterone	Medroxyprogesterone
Glucaric acid	Glucaric_acid
Galactaric acid	Galactaric_acid
5beta-CHOLANIC ACID-12alpha-BROMO-3, 11-DIONE METHYL ESTER	P_5beta_CHOLANIC_ACID_12alpha_BROMO_3_11_DIONE_METHYL_ESTER
Cytidine triphosphate	Cytidine_triphosphate
Etiadienic Acid 3-Acetate	Etiadienic_Acid_3_Acetate
Hydroretrocortine	Hydroretrocortine
Etienic Acid Acetate	Etienic_Acid_Acetate
Traumatic acid	Traumatic_acid
Taurochenodeoxycholic Acid	Taurochenodeoxycholic_Acid
Taurohyodeoxycholic Acid	Taurohyodeoxycholic_Acid
Dodecanedioic acid	Dodecanedioic_acid
12-Ketolithocholic Acid Benzoate, Methyl Ester	P_12_Ketolithocholic_Acid_Benzoate_Methyl_Ester
Lithocholenic Acid	Lithocholenic_Acid
Lithocholic acid	Lithocholic_acid
ISOALLOLITHOCHOLIC ACID	ISOALLOLITHOCHOLIC_ACID
Nordeoxycholic Acid	Nordeoxycholic_Acid
Tauro-omega-Muricholic Acid	Tauro_omega_Muricholic_Acid
Taurocholic acid	Taurocholic_acid
N-acetyltryptophan	N_acetyltryptophan
Malonylcarnitine	Malonylcarnitine
3,6-Diketocholanic Acid	P_3_6_Diketocholanic_Acid
3,7-Diketocholanic Acid	P_3_7_Diketocholanic_Acid
12-Ketolithocholic acid	P_12_Ketolithocholic_acid
Beta-Ursodeoxycholic Acid	Beta_Ursodeoxycholic_Acid
Beta-Hyodeoxycholic Acid	Beta_Hyodeoxycholic_Acid
Chenodeoxycholic acid	Chenodeoxycholic_acid
Hyodeoxycholic acid	Hyodeoxycholic_acid
Murocholic acid	Murocholic_acid
Ursodeoxycholic acid	Ursodeoxycholic_acid
Tetradecanedioic acid	Tetradecanedioic_acid
Choleic Acid	Choleic_Acid
23-Norcholic Acid	P_23_Norcholic_Acid
Dehydrocholic Acid	Dehydrocholic_Acid
Dioxolithocholic Acid	Dioxolithocholic_Acid
7-Dehydrocholic acid	P_7_Dehydrocholic_acid
Cholic Acid	Cholic_Acid
Beta-Muricholic Acid	Beta_Muricholic_Acid
Hyocholic acid	Hyocholic_acid
Ursocholic Acid	Ursocholic_Acid
Heptacosanoic acid	Heptacosanoic_acid
Lithocholic Acid Acetate	Lithocholic_Acid_Acetate
O-Adipoylcarnitine	O_Adipoylcarnitine
Oleoylcarnitine	Oleoylcarnitine
Oxoadipic acid	Oxoadipic_acid
1,2,3-Propanetricarboxylic acid	P_1_2_3_Propanetricarboxylic_acid
Glycodeoxycholic acid	Glycodeoxycholic_acid
Glycochenodeoxycholic acid	Glycochenodeoxycholic_acid
Glycoursodeoxycholic acid	Glycoursodeoxycholic_acid
Glycohyodeoxycholic Acid	Glycohyodeoxycholic_Acid
Glycodehydrocholic Acid	Glycodehydrocholic_Acid
Heneicosanoic acid	Heneicosanoic_acid
Citric acid	Citric_acid
Isocitric acid	Isocitric_acid
23-Norcholic Acid Diacetate	P_23_Norcholic_Acid_Diacetate
23-Nordeoxycholic Acid Diacetate	P_23_Nordeoxycholic_Acid_Diacetate
Glycocholic acid	Glycocholic_acid
2-Methylcitric acid	P_2_Methylcitric_acid
12-Dehydrocholic Acid Diacetate	P_12_Dehydrocholic_Acid_Diacetate
Dehydrolithocholic acid	Dehydrolithocholic_acid
Taurocyamine	Taurocyamine
Diethyl tartrate	Diethyl_tartrate
Glycine	Glycine
Sarcosine	Sarcosine
Beta-Alanine	Beta_Alanine
L-Alanine	L_Alanine
Dimethylglycine	Dimethylglycine
Gamma-Aminobutyric acid	Gamma_Aminobutyric_acid
L-Serine	L_Serine
L-Proline	L_Proline
Cimetidine	Cimetidine
4-Hydroxybenzoic acid	P_4_Hydroxybenzoic_acid
Indole-3-carboxaldehyde	Indole_3_carboxaldehyde
L-Glutamine	L_Glutamine
L-Lysine	L_Lysine
L-Methionine	L_Methionine
Piperine	Piperine
Ortho-Hydroxyphenylacetic acid	Ortho_Hydroxyphenylacetic_acid
Protocatechuic acid	Protocatechuic_acid
L-Histidine	L_Histidine
Edetic Acid	Edetic_Acid
Carnitine(C0)	Carnitine_C0
7-Methylguanosine	P_7_Methylguanosine
Hippuric acid	Hippuric_acid
Hydroxyphenyllactic acid	Hydroxyphenyllactic_acid
L-Homocitrulline	L_Homocitrulline
3-Indolepropionic acid	P_3_Indolepropionic_acid
Salicyluric acid	Salicyluric_acid
L-Acetylcarnitine	L_Acetylcarnitine
Propionylcarnitine	Propionylcarnitine
Curcumin	Curcumin
Isovelarylcarnitine	Isovelarylcarnitine
Alpha-ketoisovaleric acid	Alpha_ketoisovaleric_acid
L-Asparagine	L_Asparagine
Glutaric acid	Glutaric_acid
N-Phenylacetylphenylalanine	N_Phenylacetylphenylalanine
Phenylpyrivic acid	Phenylpyrivic_acid
N-Acetyl-L-aspartic acid	N_Acetyl_L_aspartic_acid
Decanoylcarnitine (C10)	Decanoylcarnitine_C10
Azelaic acid	Azelaic_acid
Sebacic acid	Sebacic_acid
Lauroylcarnitine	Lauroylcarnitine
Adenosine monophosphate	Adenosine_monophosphate
Guanosine monophosphate	Guanosine_monophosphate
Myristoylcarnitine	Myristoylcarnitine
s-(5'-Adenosyl)-L-homocysteine	s_5_Adenosyl_L_homocysteine
Palmitoylcarnitine	Palmitoylcarnitine
Stearylcarnitine(C18)	Stearylcarnitine_C18
Betaine	Betaine
D-Xylulose	D_Xylulose
p-Hydroxyphenylacetic acid	p_Hydroxyphenylacetic_acid
L-Cysteic acid	L_Cysteic_acid
Apocholic Acid	Apocholic_Acid
5beta-CHOLANIC ACID-3alpha, 7alpha, 12alpha-TRIOL 3-ETHOXYCARBONYL, METHYL ESTER	P_5beta_CHOLANIC_ACID_3alpha_7alpha_12alpha_TRIOL_3_ETHOXYCARBONYL_METHYL_ESTER
Estriol	Estriol
Glycerol trihexanoate	Glycerol_trihexanoate
Cer d18:1/22:0	Cer_d18_1_22_0
Cer d18:1/24:1	Cer_d18_1_24_1
Cer d18:1/24:0	Cer_d18_1_24_0
DAG 16:0-16:1	DAG_16_0_16_1
DAG 16:0-16:0	DAG_16_0_16_0
DAG 16:1-18:4	DAG_16_1_18_4
DAG 16:1-18:3	DAG_16_1_18_3
DAG 16:1-18:2	DAG_16_1_18_2
DAG 16:0-18:3	DAG_16_0_18_3
DAG 16:1-18:1	DAG_16_1_18_1
DAG 16:0-18:2	DAG_16_0_18_2
DAG 16:0-18:1	DAG_16_0_18_1
DAG 16:0-18:0	DAG_16_0_18_0
DAG 18:1-18:4	DAG_18_1_18_4
DAG 18:1-18:3	DAG_18_1_18_3
DAG 18:1-18:2	DAG_18_1_18_2
DAG 18:0-18:3	DAG_18_0_18_3
DAG 18:1-18:1	DAG_18_1_18_1
DAG 18:0-18:2	DAG_18_0_18_2
DAG 18:0-18:1	DAG_18_0_18_1
DAG 18:0-18:0	DAG_18_0_18_0
DAG 18:1-20:5	DAG_18_1_20_5
DAG 18:1-20:4	DAG_18_1_20_4
DAG 18:1-20:3	DAG_18_1_20_3
DAG 18:1-20:2	DAG_18_1_20_2
DAG 18:1-20:1	DAG_18_1_20_1
DAG 20:1-20:5	DAG_20_1_20_5
DAG 20:1-20:4	DAG_20_1_20_4
DAG 20:0-20:5	DAG_20_0_20_5
DAG 20:0-20:4	DAG_20_0_20_4
DAG 20:0-20:3	DAG_20_0_20_3
DAG 20:1-20:1	DAG_20_1_20_1
DAG 20:0-20:2	DAG_20_0_20_2
DAG 20:0-20:1	DAG_20_0_20_1
DAG 20:0-20:0	DAG_20_0_20_0
DAG 20:1-22:6	DAG_20_1_22_6
DAG 20:1-22:5	DAG_20_1_22_5
DAG 20:0-22:6	DAG_20_0_22_6
DAG 20:1-22:4	DAG_20_1_22_4
DAG 20:0-22:5	DAG_20_0_22_5
DAG 20:1-22:3	DAG_20_1_22_3
DAG 20:0-22:4	DAG_20_0_22_4
DAG 20:1-22:2	DAG_20_1_22_2
DAG 20:0-22:3	DAG_20_0_22_3
DAG 20:1-22:1	DAG_20_1_22_1
DAG 20:0-22:2	DAG_20_0_22_2
DAG 20:0-22:1	DAG_20_0_22_1
DAG 20:0-22:0	DAG_20_0_22_0
SM 34:2	SM_34_2
SM 34:1	SM_34_1
SM 34:0	SM_34_0
SM 35:1	SM_35_1
SM 35:0	SM_35_0
SM 36:2	SM_36_2
SM 36:1	SM_36_1
SM 36:0	SM_36_0
SM 37:1	SM_37_1
SM 37:0	SM_37_0
SM 38:2	SM_38_2
SM 38:1	SM_38_1
SM 38:0	SM_38_0
SM 39:3	SM_39_3
SM 39:2	SM_39_2
SM 39:1	SM_39_1
SM 40:6	SM_40_6
SM 40:4	SM_40_4
SM 40:3	SM_40_3
SM 40:2	SM_40_2
SM 40:1	SM_40_1
SM 40:0	SM_40_0
SM 41:4	SM_41_4
SM 41:3	SM_41_3
SM 41:2	SM_41_2
SM 41:1	SM_41_1
SM 42:5	SM_42_5
SM 42:4	SM_42_4
SM 42:3	SM_42_3
SM 42:2	SM_42_2
SM 42:1	SM_42_1
TAG42:2-FA18:2	TAG42_2_FA18_2
TAG42:2-FA12:0	TAG42_2_FA12_0
TAG42:1-FA18:1	TAG42_1_FA18_1
TAG42:1-FA16:0	TAG42_1_FA16_0
TAG42:1-FA16:1	TAG42_1_FA16_1
TAG42:1-FA14:0	TAG42_1_FA14_0
TAG42:1-FA12:0	TAG42_1_FA12_0
TAG42:0-FA16:0	TAG42_0_FA16_0
TAG42:0-FA14:0	TAG42_0_FA14_0
TAG42:0-FA12:0	TAG42_0_FA12_0
TAG44:3-FA18:2	TAG44_3_FA18_2
TAG44:2-FA18:1	TAG44_2_FA18_1
TAG44:2-FA18:2	TAG44_2_FA18_2
TAG44:2-FA16:0	TAG44_2_FA16_0
TAG44:2-FA16:1	TAG44_2_FA16_1
TAG44:2-FA14:0	TAG44_2_FA14_0
TAG44:2-FA12:0	TAG44_2_FA12_0
TAG44:1-FA18:1	TAG44_1_FA18_1
TAG44:1-FA16:0	TAG44_1_FA16_0
TAG44:1-FA16:1	TAG44_1_FA16_1
TAG44:1-FA14:0	TAG44_1_FA14_0
TAG44:1-FA14:1	TAG44_1_FA14_1
TAG44:1-FA12:0	TAG44_1_FA12_0
TAG44:0-FA18:0	TAG44_0_FA18_0
TAG44:0-FA16:0	TAG44_0_FA16_0
TAG44:0-FA14:0	TAG44_0_FA14_0
TAG44:0-FA12:0	TAG44_0_FA12_0
TAG45:1-FA18:1	TAG45_1_FA18_1
TAG45:1-FA16:0	TAG45_1_FA16_0
TAG45:1-FA15:0	TAG45_1_FA15_0
TAG45:0-FA16:0	TAG45_0_FA16_0
TAG45:0-FA15:0	TAG45_0_FA15_0
TAG45:0-FA14:0	TAG45_0_FA14_0
TAG46:4-FA18:2	TAG46_4_FA18_2
TAG46:3-FA18:1	TAG46_3_FA18_1
TAG46:3-FA18:2	TAG46_3_FA18_2
TAG46:3-FA18:3	TAG46_3_FA18_3
TAG46:3-FA16:0	TAG46_3_FA16_0
TAG46:3-FA16:1	TAG46_3_FA16_1
TAG46:3-FA14:0	TAG46_3_FA14_0
TAG46:3-FA14:1	TAG46_3_FA14_1
TAG46:3-FA12:0	TAG46_3_FA12_0
TAG46:2-FA18:1	TAG46_2_FA18_1
TAG46:2-FA18:2	TAG46_2_FA18_2
TAG46:2-FA16:0	TAG46_2_FA16_0
TAG46:2-FA16:1	TAG46_2_FA16_1
TAG46:2-FA14:0	TAG46_2_FA14_0
TAG46:2-FA14:1	TAG46_2_FA14_1
TAG46:2-FA12:0	TAG46_2_FA12_0
TAG46:1-FA18:0	TAG46_1_FA18_0
TAG46:1-FA18:1	TAG46_1_FA18_1
TAG46:1-FA16:0	TAG46_1_FA16_0
TAG46:1-FA16:1	TAG46_1_FA16_1
TAG46:1-FA14:0	TAG46_1_FA14_0
TAG46:1-FA14:1	TAG46_1_FA14_1
TAG46:1-FA12:0	TAG46_1_FA12_0
TAG46:0-FA18:0	TAG46_0_FA18_0
TAG46:0-FA16:0	TAG46_0_FA16_0
TAG46:0-FA14:0	TAG46_0_FA14_0
TAG46:0-FA12:0	TAG46_0_FA12_0
TAG47:2-FA18:1	TAG47_2_FA18_1
TAG47:2-FA18:2	TAG47_2_FA18_2
TAG47:2-FA16:1	TAG47_2_FA16_1
TAG47:2-FA15:0	TAG47_2_FA15_0
TAG47:2-FA14:0	TAG47_2_FA14_0
TAG47:1-FA18:1	TAG47_1_FA18_1
TAG47:1-FA17:0	TAG47_1_FA17_0
TAG47:1-FA16:0	TAG47_1_FA16_0
TAG47:1-FA16:1	TAG47_1_FA16_1
TAG47:1-FA15:0	TAG47_1_FA15_0
TAG47:1-FA14:0	TAG47_1_FA14_0
TAG47:0-FA17:0	TAG47_0_FA17_0
TAG47:0-FA16:0	TAG47_0_FA16_0
TAG47:0-FA15:0	TAG47_0_FA15_0
TAG47:0-FA14:0	TAG47_0_FA14_0
TAG48:5-FA18:3	TAG48_5_FA18_3
TAG48:4-FA20:4	TAG48_4_FA20_4
TAG48:4-FA18:1	TAG48_4_FA18_1
TAG48:4-FA18:2	TAG48_4_FA18_2
TAG48:4-FA18:3	TAG48_4_FA18_3
TAG48:4-FA16:0	TAG48_4_FA16_0
TAG48:4-FA16:1	TAG48_4_FA16_1
TAG48:4-FA14:0	TAG48_4_FA14_0
TAG48:4-FA14:1	TAG48_4_FA14_1
TAG48:4-FA12:0	TAG48_4_FA12_0
TAG48:3-FA18:1	TAG48_3_FA18_1
TAG48:3-FA18:2	TAG48_3_FA18_2
TAG48:3-FA18:3	TAG48_3_FA18_3
TAG48:3-FA16:0	TAG48_3_FA16_0
TAG48:3-FA16:1	TAG48_3_FA16_1
TAG48:3-FA14:0	TAG48_3_FA14_0
TAG48:3-FA14:1	TAG48_3_FA14_1
TAG48:3-FA12:0	TAG48_3_FA12_0
TAG48:2-FA18:0	TAG48_2_FA18_0
TAG48:2-FA18:1	TAG48_2_FA18_1
TAG48:2-FA18:2	TAG48_2_FA18_2
TAG48:2-FA16:0	TAG48_2_FA16_0
TAG48:2-FA16:1	TAG48_2_FA16_1
TAG48:2-FA14:0	TAG48_2_FA14_0
TAG48:2-FA14:1	TAG48_2_FA14_1
TAG48:2-FA12:0	TAG48_2_FA12_0
TAG48:1-FA18:0	TAG48_1_FA18_0
TAG48:1-FA18:1	TAG48_1_FA18_1
TAG48:1-FA16:0	TAG48_1_FA16_0
TAG48:1-FA16:1	TAG48_1_FA16_1
TAG48:1-FA14:0	TAG48_1_FA14_0
TAG48:1-FA14:1	TAG48_1_FA14_1
TAG48:0-FA18:0	TAG48_0_FA18_0
TAG48:0-FA16:0	TAG48_0_FA16_0
TAG48:0-FA14:0	TAG48_0_FA14_0
TAG49:3-FA18:2	TAG49_3_FA18_2
TAG49:3-FA18:3	TAG49_3_FA18_3
TAG49:3-FA16:0	TAG49_3_FA16_0
TAG49:3-FA16:1	TAG49_3_FA16_1
TAG49:3-FA15:0	TAG49_3_FA15_0
TAG49:2-FA18:1	TAG49_2_FA18_1
TAG49:2-FA18:2	TAG49_2_FA18_2
TAG49:2-FA17:0	TAG49_2_FA17_0
TAG49:2-FA16:0	TAG49_2_FA16_0
TAG49:2-FA16:1	TAG49_2_FA16_1
TAG49:2-FA15:0	TAG49_2_FA15_0
TAG49:2-FA14:0	TAG49_2_FA14_0
TAG49:1-FA18:1	TAG49_1_FA18_1
TAG49:1-FA17:0	TAG49_1_FA17_0
TAG49:1-FA16:0	TAG49_1_FA16_0
TAG49:1-FA16:1	TAG49_1_FA16_1
TAG49:1-FA15:0	TAG49_1_FA15_0
TAG49:1-FA14:0	TAG49_1_FA14_0
TAG49:0-FA18:0	TAG49_0_FA18_0
TAG49:0-FA17:0	TAG49_0_FA17_0
TAG49:0-FA16:0	TAG49_0_FA16_0
TAG49:0-FA15:0	TAG49_0_FA15_0
TAG50:6-FA20:4	TAG50_6_FA20_4
TAG50:5-FA20:4	TAG50_5_FA20_4
TAG50:5-FA20:5	TAG50_5_FA20_5
TAG50:5-FA18:1	TAG50_5_FA18_1
TAG50:5-FA18:2	TAG50_5_FA18_2
TAG50:5-FA18:3	TAG50_5_FA18_3
TAG50:5-FA16:0	TAG50_5_FA16_0
TAG50:5-FA16:1	TAG50_5_FA16_1
TAG50:5-FA14:0	TAG50_5_FA14_0
TAG50:4-FA20:3	TAG50_4_FA20_3
TAG50:4-FA20:4	TAG50_4_FA20_4
TAG50:4-FA18:1	TAG50_4_FA18_1
TAG50:4-FA18:2	TAG50_4_FA18_2
TAG50:4-FA18:3	TAG50_4_FA18_3
TAG50:4-FA16:0	TAG50_4_FA16_0
TAG50:4-FA16:1	TAG50_4_FA16_1
TAG50:4-FA14:0	TAG50_4_FA14_0
TAG50:4-FA14:1	TAG50_4_FA14_1
TAG50:3-FA20:3	TAG50_3_FA20_3
TAG50:3-FA18:0	TAG50_3_FA18_0
TAG50:3-FA18:1	TAG50_3_FA18_1
TAG50:3-FA18:2	TAG50_3_FA18_2
TAG50:3-FA18:3	TAG50_3_FA18_3
TAG50:3-FA16:0	TAG50_3_FA16_0
TAG50:3-FA16:1	TAG50_3_FA16_1
TAG50:3-FA14:0	TAG50_3_FA14_0
TAG50:3-FA14:1	TAG50_3_FA14_1
TAG50:2-FA20:2	TAG50_2_FA20_2
TAG50:2-FA18:0	TAG50_2_FA18_0
TAG50:2-FA18:1	TAG50_2_FA18_1
TAG50:2-FA18:2	TAG50_2_FA18_2
TAG50:2-FA16:0	TAG50_2_FA16_0
TAG50:2-FA16:1	TAG50_2_FA16_1
TAG50:2-FA14:0	TAG50_2_FA14_0
TAG50:2-FA14:1	TAG50_2_FA14_1
TAG50:1-FA20:1	TAG50_1_FA20_1
TAG50:1-FA18:0	TAG50_1_FA18_0
TAG50:1-FA18:1	TAG50_1_FA18_1
TAG50:1-FA16:0	TAG50_1_FA16_0
TAG50:0-FA18:0	TAG50_0_FA18_0
TAG50:0-FA16:0	TAG50_0_FA16_0
TAG50:0-FA14:0	TAG50_0_FA14_0
TAG51:5-FA18:2	TAG51_5_FA18_2
TAG51:4-FA20:4	TAG51_4_FA20_4
TAG51:4-FA18:2	TAG51_4_FA18_2
TAG51:4-FA18:3	TAG51_4_FA18_3
TAG51:4-FA16:1	TAG51_4_FA16_1
TAG51:4-FA15:0	TAG51_4_FA15_0
TAG51:3-FA18:2	TAG51_3_FA18_2
TAG51:3-FA18:3	TAG51_3_FA18_3
TAG51:3-FA17:0	TAG51_3_FA17_0
TAG51:3-FA16:1	TAG51_3_FA16_1
TAG51:3-FA15:0	TAG51_3_FA15_0
TAG51:2-FA18:1	TAG51_2_FA18_1
TAG51:2-FA18:2	TAG51_2_FA18_2
TAG51:2-FA17:0	TAG51_2_FA17_0
TAG51:2-FA16:0	TAG51_2_FA16_0
TAG51:2-FA16:1	TAG51_2_FA16_1
TAG51:2-FA15:0	TAG51_2_FA15_0
TAG51:1-FA18:0	TAG51_1_FA18_0
TAG51:1-FA18:1	TAG51_1_FA18_1
TAG51:1-FA17:0	TAG51_1_FA17_0
TAG51:1-FA16:0	TAG51_1_FA16_0
TAG51:1-FA15:0	TAG51_1_FA15_0
TAG51:0-FA18:0	TAG51_0_FA18_0
TAG52:6-FA22:6	TAG52_6_FA22_6
TAG52:6-FA20:4	TAG52_6_FA20_4
TAG52:6-FA20:5	TAG52_6_FA20_5
TAG52:6-FA18:1	TAG52_6_FA18_1
TAG52:6-FA18:2	TAG52_6_FA18_2
TAG52:6-FA18:3	TAG52_6_FA18_3
TAG52:6-FA16:0	TAG52_6_FA16_0
TAG52:6-FA16:1	TAG52_6_FA16_1
TAG52:6-FA14:0	TAG52_6_FA14_0
TAG52:5-FA22:5	TAG52_5_FA22_5
TAG52:5-FA20:3	TAG52_5_FA20_3
TAG52:5-FA20:4	TAG52_5_FA20_4
TAG52:5-FA20:5	TAG52_5_FA20_5
TAG52:5-FA18:1	TAG52_5_FA18_1
TAG52:5-FA18:2	TAG52_5_FA18_2
TAG52:5-FA18:3	TAG52_5_FA18_3
TAG52:5-FA16:0	TAG52_5_FA16_0
TAG52:5-FA16:1	TAG52_5_FA16_1
TAG52:5-FA14:0	TAG52_5_FA14_0
TAG52:4-FA22:1	TAG52_4_FA22_1
TAG52:4-FA22:4	TAG52_4_FA22_4
TAG52:4-FA20:0	TAG52_4_FA20_0
TAG52:4-FA20:2	TAG52_4_FA20_2
TAG52:4-FA20:3	TAG52_4_FA20_3
TAG52:4-FA20:4	TAG52_4_FA20_4
TAG52:4-FA18:0	TAG52_4_FA18_0
TAG52:4-FA18:1	TAG52_4_FA18_1
TAG52:4-FA18:2	TAG52_4_FA18_2
TAG52:4-FA18:3	TAG52_4_FA18_3
TAG52:4-FA16:0	TAG52_4_FA16_0
TAG52:4-FA16:1	TAG52_4_FA16_1
TAG52:4-FA14:0	TAG52_4_FA14_0
TAG52:3-FA22:1	TAG52_3_FA22_1
TAG52:3-FA20:0	TAG52_3_FA20_0
TAG52:3-FA20:1	TAG52_3_FA20_1
TAG52:3-FA20:2	TAG52_3_FA20_2
TAG52:3-FA20:3	TAG52_3_FA20_3
TAG52:3-FA18:0	TAG52_3_FA18_0
TAG52:3-FA18:1	TAG52_3_FA18_1
TAG52:3-FA18:2	TAG52_3_FA18_2
TAG52:3-FA16:0	TAG52_3_FA16_0
TAG52:3-FA16:1	TAG52_3_FA16_1
TAG52:3-FA14:0	TAG52_3_FA14_0
TAG52:2-FA20:0	TAG52_2_FA20_0
TAG52:2-FA20:1	TAG52_2_FA20_1
TAG52:2-FA20:2	TAG52_2_FA20_2
TAG52:2-FA18:0	TAG52_2_FA18_0
TAG52:2-FA18:1	TAG52_2_FA18_1
TAG52:2-FA18:2	TAG52_2_FA18_2
TAG52:2-FA16:0	TAG52_2_FA16_0
TAG52:2-FA16:1	TAG52_2_FA16_1
TAG52:2-FA14:0	TAG52_2_FA14_0
TAG52:1-FA20:0	TAG52_1_FA20_0
TAG52:1-FA20:1	TAG52_1_FA20_1
TAG52:1-FA16:1	TAG52_1_FA16_1
TAG52:0-FA20:0	TAG52_0_FA20_0
TAG52:0-FA18:0	TAG52_0_FA18_0
TAG52:0-FA16:0	TAG52_0_FA16_0
TAG53:6-FA20:4	TAG53_6_FA20_4
TAG53:2-FA17:0	TAG53_2_FA17_0
TAG53:2-FA16:0	TAG53_2_FA16_0
TAG54:8-FA22:6	TAG54_8_FA22_6
TAG54:8-FA20:4	TAG54_8_FA20_4
TAG54:8-FA20:5	TAG54_8_FA20_5
TAG53:1-FA18:0	TAG53_1_FA18_0
TAG53:1-FA18:1	TAG53_1_FA18_1
TAG54:8-FA18:2	TAG54_8_FA18_2
TAG54:8-FA18:3	TAG54_8_FA18_3
TAG53:1-FA17:0	TAG53_1_FA17_0
TAG53:1-FA16:0	TAG53_1_FA16_0
TAG53:0-FA16:0	TAG53_0_FA16_0
TAG54:7-FA22:5	TAG54_7_FA22_5
TAG54:7-FA22:6	TAG54_7_FA22_6
TAG54:7-FA20:4	TAG54_7_FA20_4
TAG54:7-FA20:5	TAG54_7_FA20_5
TAG54:7-FA18:1	TAG54_7_FA18_1
TAG54:7-FA18:2	TAG54_7_FA18_2
TAG54:7-FA18:3	TAG54_7_FA18_3
TAG54:7-FA16:1	TAG54_7_FA16_1
TAG54:6-FA22:5	TAG54_6_FA22_5
TAG54:6-FA22:6	TAG54_6_FA22_6
TAG54:6-FA20:3	TAG54_6_FA20_3
TAG54:6-FA20:4	TAG54_6_FA20_4
TAG54:6-FA20:5	TAG54_6_FA20_5
TAG54:6-FA18:1	TAG54_6_FA18_1
TAG54:6-FA18:2	TAG54_6_FA18_2
TAG54:6-FA18:3	TAG54_6_FA18_3
TAG54:6-FA16:0	TAG54_6_FA16_0
TAG54:6-FA16:1	TAG54_6_FA16_1
TAG54:5-FA22:5	TAG54_5_FA22_5
TAG54:5-FA22:1	TAG54_5_FA22_1
TAG54:5-FA22:4	TAG54_5_FA22_4
TAG54:5-FA20:2	TAG54_5_FA20_2
TAG54:5-FA20:3	TAG54_5_FA20_3
TAG54:5-FA20:4	TAG54_5_FA20_4
TAG54:5-FA20:5	TAG54_5_FA20_5
TAG54:5-FA18:0	TAG54_5_FA18_0
TAG54:5-FA18:1	TAG54_5_FA18_1
TAG54:5-FA18:2	TAG54_5_FA18_2
TAG54:5-FA18:3	TAG54_5_FA18_3
TAG54:5-FA16:0	TAG54_5_FA16_0
TAG54:5-FA16:1	TAG54_5_FA16_1
TAG54:4-FA22:1	TAG54_4_FA22_1
TAG54:4-FA22:4	TAG54_4_FA22_4
TAG54:4-FA20:1	TAG54_4_FA20_1
TAG54:4-FA20:2	TAG54_4_FA20_2
TAG54:4-FA20:3	TAG54_4_FA20_3
TAG54:4-FA20:4	TAG54_4_FA20_4
TAG54:4-FA18:0	TAG54_4_FA18_0
TAG54:4-FA18:1	TAG54_4_FA18_1
TAG54:4-FA18:2	TAG54_4_FA18_2
TAG54:4-FA18:3	TAG54_4_FA18_3
TAG54:4-FA16:0	TAG54_4_FA16_0
TAG54:4-FA16:1	TAG54_4_FA16_1
TAG54:3-FA20:1	TAG54_3_FA20_1
TAG54:3-FA20:2	TAG54_3_FA20_2
TAG54:1-FA20:0	TAG54_1_FA20_0
TAG54:1-FA20:1	TAG54_1_FA20_1
TAG54:1-FA18:0	TAG54_1_FA18_0
TAG54:1-FA18:1	TAG54_1_FA18_1
TAG54:1-FA16:0	TAG54_1_FA16_0
TAG54:0-FA18:0	TAG54_0_FA18_0
TAG54:0-FA16:0	TAG54_0_FA16_0
TAG56:10-FA18:2	TAG56_10_FA18_2
TAG56:9-FA22:6	TAG56_9_FA22_6
TAG56:9-FA20:4	TAG56_9_FA20_4
TAG56:9-FA20:5	TAG56_9_FA20_5
TAG56:9-FA18:3	TAG56_9_FA18_3
TAG56:8-FA22:5	TAG56_8_FA22_5
TAG56:8-FA22:6	TAG56_8_FA22_6
TAG56:8-FA20:4	TAG56_8_FA20_4
TAG56:8-FA20:5	TAG56_8_FA20_5
TAG56:8-FA18:1	TAG56_8_FA18_1
TAG56:8-FA18:2	TAG56_8_FA18_2
TAG56:8-FA18:3	TAG56_8_FA18_3
TAG56:8-FA16:0	TAG56_8_FA16_0
TAG56:8-FA16:1	TAG56_8_FA16_1
TAG56:7-FA16:0	TAG56_7_FA16_0
TAG56:7-FA22:4	TAG56_7_FA22_4
TAG56:7-FA22:5	TAG56_7_FA22_5
TAG56:7-FA22:6	TAG56_7_FA22_6
TAG56:7-FA20:3	TAG56_7_FA20_3
TAG56:7-FA20:4	TAG56_7_FA20_4
TAG56:7-FA20:5	TAG56_7_FA20_5
TAG56:7-FA18:0	TAG56_7_FA18_0
TAG56:7-FA18:1	TAG56_7_FA18_1
TAG56:7-FA18:2	TAG56_7_FA18_2
TAG56:7-FA18:3	TAG56_7_FA18_3
TAG56:7-FA16:1	TAG56_7_FA16_1
TAG56:6-FA18:0	TAG56_6_FA18_0
TAG56:6-FA18:1	TAG56_6_FA18_1
TAG56:6-FA18:2	TAG56_6_FA18_2
TAG56:6-FA18:3	TAG56_6_FA18_3
TAG56:6-FA16:0	TAG56_6_FA16_0
TAG56:6-FA22:4	TAG56_6_FA22_4
TAG56:6-FA22:5	TAG56_6_FA22_5
TAG56:6-FA20:2	TAG56_6_FA20_2
TAG56:6-FA20:3	TAG56_6_FA20_3
TAG56:6-FA20:4	TAG56_6_FA20_4
TAG56:6-FA20:5	TAG56_6_FA20_5
TAG56:5-FA22:4	TAG56_5_FA22_4
TAG56:5-FA20:1	TAG56_5_FA20_1
TAG56:5-FA20:2	TAG56_5_FA20_2
TAG56:5-FA20:3	TAG56_5_FA20_3
TAG56:5-FA20:4	TAG56_5_FA20_4
TAG56:5-FA18:0	TAG56_5_FA18_0
TAG56:5-FA18:1	TAG56_5_FA18_1
TAG56:5-FA18:2	TAG56_5_FA18_2
TAG56:5-FA16:0	TAG56_5_FA16_0
TAG56:3-FA18:0	TAG56_3_FA18_0
TAG56:3-FA18:1	TAG56_3_FA18_1
TAG56:3-FA18:2	TAG56_3_FA18_2
TAG56:3-FA16:0	TAG56_3_FA16_0
TAG56:2-FA20:0	TAG56_2_FA20_0
TAG56:2-FA20:1	TAG56_2_FA20_1
TAG56:2-FA18:0	TAG56_2_FA18_0
TAG56:2-FA16:0	TAG56_2_FA16_0
TAG56:1-FA18:1	TAG56_1_FA18_1
TAG56:1-FA16:0	TAG56_1_FA16_0
TAG58:10-FA22:5	TAG58_10_FA22_5
TAG58:10-FA22:6	TAG58_10_FA22_6
TAG58:10-FA20:4	TAG58_10_FA20_4
TAG58:10-FA20:5	TAG58_10_FA20_5
TAG58:10-FA18:2	TAG58_10_FA18_2
TAG58:9-FA18:1	TAG58_9_FA18_1
TAG58:9-FA18:2	TAG58_9_FA18_2
TAG58:9-FA22:5	TAG58_9_FA22_5
TAG58:9-FA22:6	TAG58_9_FA22_6
TAG58:9-FA20:4	TAG58_9_FA20_4
TAG58:8-FA22:5	TAG58_8_FA22_5
TAG58:8-FA22:6	TAG58_8_FA22_6
TAG58:8-FA20:3	TAG58_8_FA20_3
TAG58:8-FA20:4	TAG58_8_FA20_4
TAG58:8-FA18:1	TAG58_8_FA18_1
TAG58:8-FA18:2	TAG58_8_FA18_2
TAG58:7-FA22:5	TAG58_7_FA22_5
TAG58:7-FA20:4	TAG58_7_FA20_4
TAG58:7-FA18:0	TAG58_7_FA18_0
TAG58:7-FA18:1	TAG58_7_FA18_1
TAG58:7-FA18:2	TAG58_7_FA18_2
TAG58:7-FA22:6	TAG58_7_FA22_6
TAG58:6-FA22:5	TAG58_6_FA22_5
TAG58:6-FA18:0	TAG58_6_FA18_0
TAG58:6-FA18:1	TAG58_6_FA18_1
TAG58:6-FA16:0	TAG58_6_FA16_0
TAG58:6-FA20:4	TAG58_6_FA20_4
TAG58:3-FA18:1	TAG58_3_FA18_1
TAG58:2-FA18:1	TAG58_2_FA18_1
TAG60:12-FA22:6	TAG60_12_FA22_6
TAG60:11-FA22:5	TAG60_11_FA22_5
TAG60:11-FA22:6	TAG60_11_FA22_6
TAG60:10-FA22:5	TAG60_10_FA22_5
TAG60:10-FA22:6	TAG60_10_FA22_6
LPE 14:0	LPE_14_0
LPE 15:0	LPE_15_0
LPE 16:1	LPE_16_1
LPE 16:0	LPE_16_0
LPE 17:1	LPE_17_1
LPE 17:0	LPE_17_0
LPE 18:3	LPE_18_3
LPE 18:2	LPE_18_2
LPE 18:1	LPE_18_1
LPE 18:0	LPE_18_0
LPE 19:1	LPE_19_1
LPE 19:0	LPE_19_0
LPE 20:5	LPE_20_5
LPE 20:4	LPE_20_4
LPE 20:3	LPE_20_3
LPE 20:2	LPE_20_2
LPE 20:1	LPE_20_1
LPE 20:0	LPE_20_0
LPE 22:6	LPE_22_6
LPE 22:2	LPE_22_2
LPE 22:1	LPE_22_1
LPE 22:0	LPE_22_0
LPC 14:0	LPC_14_0
LPC 15:0	LPC_15_0
LPC 16:1	LPC_16_1
LPC 16:0	LPC_16_0
LPC 17:1	LPC_17_1
LPC 17:0	LPC_17_0
LPC 18:3	LPC_18_3
LPC 18:2	LPC_18_2
LPC 18:1	LPC_18_1
LPC 18:0	LPC_18_0
LPC 19:1	LPC_19_1
LPC 19:0	LPC_19_0
LPC 20:5	LPC_20_5
LPC 20:4	LPC_20_4
LPC 20:3	LPC_20_3
LPC 20:2	LPC_20_2
LPC 20:1	LPC_20_1
LPC 20:0	LPC_20_0
LPC 22:6	LPC_22_6
LPC 22:5	LPC_22_5
LPC 22:4	LPC_22_4
LPC 22:2	LPC_22_2
LPC 22:1	LPC_22_1
LPC 22:0	LPC_22_0
PE 16:1-16:1	PE_16_1_16_1
PE 16:0-16:1	PE_16_0_16_1
PE 16:0-16:0	PE_16_0_16_0
PE 16:1-18:4	PE_16_1_18_4
PE 16:1-18:3	PE_16_1_18_3
PE 16:0-18:4	PE_16_0_18_4
PE 16:1-18:2	PE_16_1_18_2
PE 16:0-18:3	PE_16_0_18_3
PE 16:1-18:1	PE_16_1_18_1
PE 16:0-18:2	PE_16_0_18_2
PE 16:1-18:0	PE_16_1_18_0
PE 16:0-18:1	PE_16_0_18_1
PE 16:0-18:0	PE_16_0_18_0
PE 17:0-17:0	PE_17_0_17_0
PE 18:4-18:4	PE_18_4_18_4
PE 18:3-18:4	PE_18_3_18_4
PE 18:2-18:4	PE_18_2_18_4
PE 16:1-20:5	PE_16_1_20_5
PE 18:3-18:3	PE_18_3_18_3
PE 16:1-20:4	PE_16_1_20_4
PE 16:0-20:5	PE_16_0_20_5
PE 18:2-18:3	PE_18_2_18_3
PE 18:1-18:4	PE_18_1_18_4
PE 16:1-20:3	PE_16_1_20_3
PE 16:0-20:4	PE_16_0_20_4
PE 18:2-18:2	PE_18_2_18_2
PE 18:1-18:3	PE_18_1_18_3
PE 18:0-18:4	PE_18_0_18_4
PE 16:1-20:2	PE_16_1_20_2
PE 16:0-20:3	PE_16_0_20_3
PE 18:1-18:2	PE_18_1_18_2
PE 18:0-18:3	PE_18_0_18_3
PE 16:1-20:1	PE_16_1_20_1
PE 16:0-20:2	PE_16_0_20_2
PE 18:1-18:1	PE_18_1_18_1
PE 18:0-18:2	PE_18_0_18_2
PE 16:1-20:0	PE_16_1_20_0
PE 16:0-20:1	PE_16_0_20_1
PE 18:0-18:1	PE_18_0_18_1
PE 16:0-20:0	PE_16_0_20_0
PE 18:0-18:0	PE_18_0_18_0
PE 18:4-20:5	PE_18_4_20_5
PE 18:4-20:4	PE_18_4_20_4
PE 18:3-20:5	PE_18_3_20_5
PE 16:1-22:6	PE_16_1_22_6
PE 18:4-20:3	PE_18_4_20_3
PE 18:3-20:4	PE_18_3_20_4
PE 18:2-20:5	PE_18_2_20_5
PE 16:1-22:5	PE_16_1_22_5
PE 16:0-22:6	PE_16_0_22_6
PE 18:4-20:2	PE_18_4_20_2
PE 18:3-20:3	PE_18_3_20_3
PE 18:2-20:4	PE_18_2_20_4
PE 18:1-20:5	PE_18_1_20_5
PE 16:1-22:4	PE_16_1_22_4
PE 18:4-20:1	PE_18_4_20_1
PE 18:3-20:2	PE_18_3_20_2
PE 18:2-20:3	PE_18_2_20_3
PE 18:1-20:4	PE_18_1_20_4
PE 18:0-20:5	PE_18_0_20_5
PE 16:1-22:3	PE_16_1_22_3
PE 16:0-22:4	PE_16_0_22_4
PE 18:4-20:0	PE_18_4_20_0
PE 18:3-20:1	PE_18_3_20_1
PE 18:2-20:2	PE_18_2_20_2
PE 18:1-20:3	PE_18_1_20_3
PE 18:0-20:4	PE_18_0_20_4
PE 16:1-22:2	PE_16_1_22_2
PE 16:0-22:3	PE_16_0_22_3
PE 18:3-20:0	PE_18_3_20_0
PE 18:2-20:1	PE_18_2_20_1
PE 18:1-20:2	PE_18_1_20_2
PE 18:0-20:3	PE_18_0_20_3
PE 16:1-22:1	PE_16_1_22_1
PE 16:0-22:2	PE_16_0_22_2
PE 18:2-20:0	PE_18_2_20_0
PE 18:1-20:1	PE_18_1_20_1
PE 18:0-20:2	PE_18_0_20_2
PE 16:1-22:0	PE_16_1_22_0
PE 16:0-22:1	PE_16_0_22_1
PE 18:1-20:0	PE_18_1_20_0
PE 18:0-20:1	PE_18_0_20_1
PE 16:0-22:0	PE_16_0_22_0
PE 18:0-20:0	PE_18_0_20_0
PE 18:4-22:6	PE_18_4_22_6
PE 20:5-20:5	PE_20_5_20_5
PE 18:3-22:6	PE_18_3_22_6
PE 20:4-20:5	PE_20_4_20_5
PE 18:4-22:4	PE_18_4_22_4
PE 18:3-22:5	PE_18_3_22_5
PE 18:2-22:6	PE_18_2_22_6
PE 20:4-20:4	PE_20_4_20_4
PE 20:3-20:5	PE_20_3_20_5
PE 18:4-22:3	PE_18_4_22_3
PE 18:3-22:4	PE_18_3_22_4
PE 18:2-22:5	PE_18_2_22_5
PE 18:1-22:6	PE_18_1_22_6
PE 20:3-20:4	PE_20_3_20_4
PE 20:2-20:5	PE_20_2_20_5
PE 18:3-22:3	PE_18_3_22_3
PE 18:2-22:4	PE_18_2_22_4
PE 18:1-22:5	PE_18_1_22_5
PE 18:0-22:6	PE_18_0_22_6
PE 18:4-22:1	PE_18_4_22_1
PE 18:3-22:2	PE_18_3_22_2
PE 18:2-22:3	PE_18_2_22_3
PE 18:1-22:4	PE_18_1_22_4
PE 18:0-22:5	PE_18_0_22_5
PE 20:2-20:3	PE_20_2_20_3
PE 20:1-20:4	PE_20_1_20_4
PE 20:0-20:5	PE_20_0_20_5
PE 18:4-22:0	PE_18_4_22_0
PE 18:3-22:1	PE_18_3_22_1
PE 18:2-22:2	PE_18_2_22_2
PE 18:1-22:3	PE_18_1_22_3
PE 18:0-22:4	PE_18_0_22_4
PE 20:2-20:2	PE_20_2_20_2
PE 20:1-20:3	PE_20_1_20_3
PE 20:0-20:4	PE_20_0_20_4
PE 18:3-22:0	PE_18_3_22_0
PE 18:2-22:1	PE_18_2_22_1
PE 18:1-22:2	PE_18_1_22_2
PE 18:0-22:3	PE_18_0_22_3
PE 20:1-20:2	PE_20_1_20_2
PE 20:0-20:3	PE_20_0_20_3
PE 18:2-22:0	PE_18_2_22_0
PE 18:1-22:1	PE_18_1_22_1
PE 18:0-22:2	PE_18_0_22_2
PE 20:1-20:1	PE_20_1_20_1
PE 20:0-20:2	PE_20_0_20_2
PE 18:1-22:0	PE_18_1_22_0
PE 18:0-22:1	PE_18_0_22_1
PE 20:0-20:1	PE_20_0_20_1
PE 18:0-22:0	PE_18_0_22_0
PE 20:0-20:0	PE_20_0_20_0
PE 20:5-22:6	PE_20_5_22_6
PE 20:5-22:5	PE_20_5_22_5
PE 20:4-22:6	PE_20_4_22_6
PE 20:5-22:4	PE_20_5_22_4
PE 20:4-22:5	PE_20_4_22_5
PE 20:3-22:6	PE_20_3_22_6
PE 20:5-22:3	PE_20_5_22_3
PE 20:4-22:4	PE_20_4_22_4
PE 20:3-22:5	PE_20_3_22_5
PE 20:2-22:6	PE_20_2_22_6
PE 20:5-22:2	PE_20_5_22_2
PE 20:4-22:3	PE_20_4_22_3
PE 20:3-22:4	PE_20_3_22_4
PE 20:2-22:5	PE_20_2_22_5
PE 20:1-22:6	PE_20_1_22_6
PE 20:5-22:1	PE_20_5_22_1
PE 20:4-22:2	PE_20_4_22_2
PE 20:3-22:3	PE_20_3_22_3
PE 20:2-22:4	PE_20_2_22_4
PE 20:1-22:5	PE_20_1_22_5
PE 20:0-22:6	PE_20_0_22_6
PE 20:5-22:0	PE_20_5_22_0
PE 20:4-22:1	PE_20_4_22_1
PE 20:3-22:2	PE_20_3_22_2
PE 20:2-22:3	PE_20_2_22_3
PE 20:1-22:4	PE_20_1_22_4
PE 20:0-22:5	PE_20_0_22_5
PE 20:4-22:0	PE_20_4_22_0
PE 20:3-22:1	PE_20_3_22_1
PE 20:2-22:2	PE_20_2_22_2
PE 20:1-22:3	PE_20_1_22_3
PE 20:0-22:4	PE_20_0_22_4
PE 20:3-22:0	PE_20_3_22_0
PE 20:2-22:1	PE_20_2_22_1
PE 20:1-22:2	PE_20_1_22_2
PE 20:0-22:3	PE_20_0_22_3
PE 20:2-22:0	PE_20_2_22_0
PE 20:1-22:1	PE_20_1_22_1
PE 20:0-22:2	PE_20_0_22_2
PE 20:1-22:0	PE_20_1_22_0
PE 20:0-22:1	PE_20_0_22_1
PE 20:0-22:0	PE_20_0_22_0
PE 22:6-22:6	PE_22_6_22_6
PE 22:5-22:6	PE_22_5_22_6
PE 22:5-22:5	PE_22_5_22_5
PE 22:4-22:6	PE_22_4_22_6
PE 22:4-22:5	PE_22_4_22_5
PE 22:3-22:6	PE_22_3_22_6
PE 22:4-22:4	PE_22_4_22_4
PE 22:3-22:5	PE_22_3_22_5
PE 22:2-22:6	PE_22_2_22_6
PE 22:3-22:4	PE_22_3_22_4
PE 22:2-22:5	PE_22_2_22_5
PE 22:1-22:6	PE_22_1_22_6
PE 22:3-22:3	PE_22_3_22_3
PE 22:2-22:4	PE_22_2_22_4
PE 22:1-22:5	PE_22_1_22_5
PE 22:0-22:6	PE_22_0_22_6
PE 22:2-22:3	PE_22_2_22_3
PE 22:1-22:4	PE_22_1_22_4
PE 22:0-22:5	PE_22_0_22_5
PE 22:2-22:2	PE_22_2_22_2
PE 22:1-22:3	PE_22_1_22_3
PE 22:0-22:4	PE_22_0_22_4
PE 22:1-22:2	PE_22_1_22_2
PE 22:0-22:3	PE_22_0_22_3
PE 22:1-22:1	PE_22_1_22_1
PE 22:0-22:2	PE_22_0_22_2
PE 22:0-22:1	PE_22_0_22_1
PE 22:0-22:0	PE_22_0_22_0
PG 18:2-18:2	PG_18_2_18_2
PG 18:1-18:3	PG_18_1_18_3
PG 18:0-18:4	PG_18_0_18_4
PG 16:1-20:2	PG_16_1_20_2
PG 16:0-20:3	PG_16_0_20_3
PG 18:1-18:2	PG_18_1_18_2
PG 18:0-18:3	PG_18_0_18_3
PG 16:1-20:1	PG_16_1_20_1
PG 16:0-20:2	PG_16_0_20_2
PG 18:1-18:1	PG_18_1_18_1
PG 18:0-18:2	PG_18_0_18_2
PG 16:1-20:0	PG_16_1_20_0
PG 18:0-18:1	PG_18_0_18_1
PG 16:0-20:0	PG_16_0_20_0
PG 18:0-18:0	PG_18_0_18_0
PG 18:3-20:5	PG_18_3_20_5
PG 16:1-22:6	PG_16_1_22_6
PG 18:3-20:4	PG_18_3_20_4
PG 18:2-20:5	PG_18_2_20_5
PG 16:1-22:5	PG_16_1_22_5
PG 16:0-22:6	PG_16_0_22_6
PG 18:3-20:3	PG_18_3_20_3
PG 18:2-20:4	PG_18_2_20_4
PG 18:1-20:5	PG_18_1_20_5
PG 16:0-22:5	PG_16_0_22_5
PG 18:4-20:1	PG_18_4_20_1
PG 18:2-20:3	PG_18_2_20_3
PG 18:1-20:4	PG_18_1_20_4
PG 18:0-20:5	PG_18_0_20_5
PG 16:0-22:4	PG_16_0_22_4
PG 18:4-20:0	PG_18_4_20_0
PG 18:2-20:2	PG_18_2_20_2
PG 18:1-20:3	PG_18_1_20_3
PG 18:0-20:4	PG_18_0_20_4
PG 16:1-22:1	PG_16_1_22_1
PG 18:2-20:0	PG_18_2_20_0
PG 18:1-20:1	PG_18_1_20_1
PG 18:0-20:2	PG_18_0_20_2
PG 16:0-22:1	PG_16_0_22_1
PG 18:1-20:0	PG_18_1_20_0
PG 18:0-20:1	PG_18_0_20_1
PG 16:0-22:0	PG_16_0_22_0
PG 18:0-20:0	PG_18_0_20_0
PG 20:5-20:5	PG_20_5_20_5
PG 18:3-22:6	PG_18_3_22_6
PG 20:4-20:5	PG_20_4_20_5
PG 18:3-22:5	PG_18_3_22_5
PG 18:2-22:6	PG_18_2_22_6
PG 20:4-20:4	PG_20_4_20_4
PG 20:3-20:5	PG_20_3_20_5
PG 20:2-20:5	PG_20_2_20_5
PG 18:3-22:4	PG_18_3_22_4
PG 18:2-22:5	PG_18_2_22_5
PG 18:1-22:6	PG_18_1_22_6
PG 20:3-20:4	PG_20_3_20_4
PG 18:3-22:3	PG_18_3_22_3
PG 18:2-22:4	PG_18_2_22_4
PG 18:1-22:5	PG_18_1_22_5
PG 18:0-22:6	PG_18_0_22_6
PG 20:3-20:3	PG_20_3_20_3
PG 20:2-20:4	PG_20_2_20_4
PG 20:1-20:5	PG_20_1_20_5
PG 18:2-22:3	PG_18_2_22_3
PG 18:1-22:4	PG_18_1_22_4
PG 18:0-22:5	PG_18_0_22_5
PS 16:0-16:1	PS_16_0_16_1
PS 16:0-18:4	PS_16_0_18_4
PS 16:0-18:3	PS_16_0_18_3
PS 18:2-18:4	PS_18_2_18_4
PS 18:2-18:3	PS_18_2_18_3
PS 18:1-18:4	PS_18_1_18_4
PS 18:2-18:2	PS_18_2_18_2
PS 16:0-20:3	PS_16_0_20_3
PS 18:1-18:2	PS_18_1_18_2
PS 18:1-18:1	PS_18_1_18_1
PS 18:2-20:5	PS_18_2_20_5
PS 16:0-22:6	PS_16_0_22_6
PS 18:2-20:4	PS_18_2_20_4
PS 18:1-20:5	PS_18_1_20_5
PS 18:2-20:3	PS_18_2_20_3
PS 18:1-20:4	PS_18_1_20_4
PS 18:2-20:2	PS_18_2_20_2
PS 18:1-20:3	PS_18_1_20_3
PS 18:1-20:2	PS_18_1_20_2
PS 18:2-20:1	PS_18_2_20_1
PS 18:2-22:6	PS_18_2_22_6
PS 20:4-20:4	PS_20_4_20_4
PS 20:3-20:5	PS_20_3_20_5
PS 18:2-22:5	PS_18_2_22_5
PS 20:3-20:4	PS_20_3_20_4
PS 18:1-22:6	PS_18_1_22_6
PS 18:2-22:4	PS_18_2_22_4
PS 18:0-22:6	PS_18_0_22_6
PS 20:3-20:3	PS_20_3_20_3
PS 20:1-20:5	PS_20_1_20_5
PS 18:1-22:5	PS_18_1_22_5
PS 18:2-22:3	PS_18_2_22_3
PS 18:1-22:1	PS_18_1_22_1
PS 18:1-22:0	PS_18_1_22_0
PS 20:0-20:0	PS_20_0_20_0
PS 20:4-22:6	PS_20_4_22_6
PS 20:3-22:6	PS_20_3_22_6
PS 20:4-22:4	PS_20_4_22_4
PS 20:2-22:6	PS_20_2_22_6
PS 20:4-22:3	PS_20_4_22_3
PS 20:1-22:6	PS_20_1_22_6
PS 20:4-22:2	PS_20_4_22_2
PS 20:3-22:3	PS_20_3_22_3
PS 20:1-22:5	PS_20_1_22_5
PS 20:0-22:6	PS_20_0_22_6
PS 22:2-22:6	PS_22_2_22_6
PS 22:1-22:6	PS_22_1_22_6
PC 16:1-16:1	PC_16_1_16_1
PC 16:0-16:1	PC_16_0_16_1
PC 16:0-16:0	PC_16_0_16_0
PC 16:1-18:4	PC_16_1_18_4
PC 16:1-18:3	PC_16_1_18_3
PC 16:0-18:4	PC_16_0_18_4
PC 16:1-18:2	PC_16_1_18_2
PC 16:0-18:3	PC_16_0_18_3
PC 16:1-18:1	PC_16_1_18_1
PC 16:0-18:2	PC_16_0_18_2
PC 16:1-18:0	PC_16_1_18_0
PC 16:0-18:1	PC_16_0_18_1
PC 16:0-18:0	PC_16_0_18_0
PC 17:0-17:0	PC_17_0_17_0
PC 18:4-18:4	PC_18_4_18_4
PC 18:3-18:4	PC_18_3_18_4
PC 16:1-20:5	PC_16_1_20_5
PC 18:2-18:4	PC_18_2_18_4
PC 18:3-18:3	PC_18_3_18_3
PC 16:1-20:4	PC_16_1_20_4
PC 16:0-20:5	PC_16_0_20_5
PC 18:1-18:4	PC_18_1_18_4
PC 18:2-18:3	PC_18_2_18_3
PC 16:1-20:3	PC_16_1_20_3
PC 16:0-20:4	PC_16_0_20_4
PC 18:0-18:4	PC_18_0_18_4
PC 18:1-18:3	PC_18_1_18_3
PC 18:2-18:2	PC_18_2_18_2
PC 16:1-20:2	PC_16_1_20_2
PC 16:0-20:3	PC_16_0_20_3
PC 18:0-18:3	PC_18_0_18_3
PC 18:1-18:2	PC_18_1_18_2
PC 16:1-20:1	PC_16_1_20_1
PC 16:0-20:2	PC_16_0_20_2
PC 18:0-18:2	PC_18_0_18_2
PC 18:1-18:1	PC_18_1_18_1
PC 16:1-20:0	PC_16_1_20_0
PC 16:0-20:1	PC_16_0_20_1
PC 18:0-18:1	PC_18_0_18_1
PC 16:0-20:0	PC_16_0_20_0
PC 18:0-18:0	PC_18_0_18_0
PC 18:4-20:5	PC_18_4_20_5
PC 18:4-20:4	PC_18_4_20_4
PC 18:3-20:5	PC_18_3_20_5
PC 16:1-22:6	PC_16_1_22_6
PC 18:4-20:3	PC_18_4_20_3
PC 18:3-20:4	PC_18_3_20_4
PC 18:2-20:5	PC_18_2_20_5
PC 16:1-22:5	PC_16_1_22_5
PC 16:0-22:6	PC_16_0_22_6
PC 18:4-20:2	PC_18_4_20_2
PC 18:3-20:3	PC_18_3_20_3
PC 18:2-20:4	PC_18_2_20_4
PC 18:1-20:5	PC_18_1_20_5
PC 16:1-22:4	PC_16_1_22_4
PC 16:0-22:5	PC_16_0_22_5
PC 18:4-20:1	PC_18_4_20_1
PC 18:3-20:2	PC_18_3_20_2
PC 18:2-20:3	PC_18_2_20_3
PC 18:1-20:4	PC_18_1_20_4
PC 18:0-20:5	PC_18_0_20_5
PC 16:1-22:3	PC_16_1_22_3
PC 16:0-22:4	PC_16_0_22_4
PC 18:4-20:0	PC_18_4_20_0
PC 18:3-20:1	PC_18_3_20_1
PC 18:2-20:2	PC_18_2_20_2
PC 18:1-20:3	PC_18_1_20_3
PC 18:0-20:4	PC_18_0_20_4
PC 16:1-22:2	PC_16_1_22_2
PC 16:0-22:3	PC_16_0_22_3
PC 18:3-20:0	PC_18_3_20_0
PC 18:2-20:1	PC_18_2_20_1
PC 18:1-20:2	PC_18_1_20_2
PC 18:0-20:3	PC_18_0_20_3
PC 16:1-22:1	PC_16_1_22_1
PC 16:0-22:2	PC_16_0_22_2
PC 18:2-20:0	PC_18_2_20_0
PC 18:1-20:1	PC_18_1_20_1
PC 18:0-20:2	PC_18_0_20_2
PC 16:1-22:0	PC_16_1_22_0
PC 16:0-22:1	PC_16_0_22_1
PC 18:1-20:0	PC_18_1_20_0
PC 18:0-20:1	PC_18_0_20_1
PC 16:0-22:0	PC_16_0_22_0
PC 18:0-20:0	PC_18_0_20_0
PC 18:4-22:6	PC_18_4_22_6
PC 20:5-20:5	PC_20_5_20_5
PC 18:4-22:5	PC_18_4_22_5
PC 18:3-22:6	PC_18_3_22_6
PC 20:4-20:5	PC_20_4_20_5
PC 18:3-22:5	PC_18_3_22_5
PC 18:2-22:6	PC_18_2_22_6
PC 20:3-20:5	PC_20_3_20_5
PC 20:4-20:4	PC_20_4_20_4
PC 18:4-22:4	PC_18_4_22_4
PC 18:4-22:3	PC_18_4_22_3
PC 18:3-22:4	PC_18_3_22_4
PC 18:2-22:5	PC_18_2_22_5
PC 18:1-22:6	PC_18_1_22_6
PC 20:2-20:5	PC_20_2_20_5
PC 20:3-20:4	PC_20_3_20_4
PC 18:4-22:2	PC_18_4_22_2
PC 18:3-22:3	PC_18_3_22_3
PC 18:2-22:4	PC_18_2_22_4
PC 18:1-22:5	PC_18_1_22_5
PC 18:0-22:6	PC_18_0_22_6
PC 20:1-20:5	PC_20_1_20_5
PC 18:4-22:1	PC_18_4_22_1
PC 18:3-22:2	PC_18_3_22_2
PC 18:2-22:3	PC_18_2_22_3
PC 18:1-22:4	PC_18_1_22_4
PC 18:0-22:5	PC_18_0_22_5
PC 20:0-20:5	PC_20_0_20_5
PC 20:1-20:4	PC_20_1_20_4
PC 20:2-20:3	PC_20_2_20_3
PC 18:4-22:0	PC_18_4_22_0
PC 18:3-22:1	PC_18_3_22_1
PC 18:2-22:2	PC_18_2_22_2
PC 18:1-22:3	PC_18_1_22_3
PC 18:0-22:4	PC_18_0_22_4
PC 20:0-20:4	PC_20_0_20_4
PC 20:1-20:3	PC_20_1_20_3
PC 20:2-20:2	PC_20_2_20_2
PC 18:3-22:0	PC_18_3_22_0
PC 18:2-22:1	PC_18_2_22_1
PC 18:1-22:2	PC_18_1_22_2
PC 18:0-22:3	PC_18_0_22_3
PC 20:0-20:3	PC_20_0_20_3
PC 20:1-20:2	PC_20_1_20_2
PC 18:2-22:0	PC_18_2_22_0
PC 18:1-22:1	PC_18_1_22_1
PC 18:0-22:2	PC_18_0_22_2
PC 20:0-20:2	PC_20_0_20_2
PC 20:1-20:1	PC_20_1_20_1
PC 18:1-22:0	PC_18_1_22_0
PC 18:0-22:1	PC_18_0_22_1
PC 20:0-20:1	PC_20_0_20_1
PC 18:0-22:0	PC_18_0_22_0
PC 20:0-20:0	PC_20_0_20_0
PC 20:5-22:6	PC_20_5_22_6
PC 20:5-22:5	PC_20_5_22_5
PC 20:4-22:6	PC_20_4_22_6
PC 20:4-22:5	PC_20_4_22_5
PC 20:3-22:6	PC_20_3_22_6
PC 20:5-22:3	PC_20_5_22_3
PC 20:3-22:5	PC_20_3_22_5
PC 20:2-22:6	PC_20_2_22_6
PC 20:5-22:2	PC_20_5_22_2
PC 20:4-22:3	PC_20_4_22_3
PC 20:3-22:4	PC_20_3_22_4
PC 20:2-22:5	PC_20_2_22_5
PC 20:1-22:6	PC_20_1_22_6
PC 20:5-22:1	PC_20_5_22_1
PC 20:4-22:2	PC_20_4_22_2
PC 20:3-22:3	PC_20_3_22_3
PC 20:2-22:4	PC_20_2_22_4
PC 20:1-22:5	PC_20_1_22_5
PC 20:0-22:6	PC_20_0_22_6
PC 20:5-22:0	PC_20_5_22_0
PC 20:4-22:1	PC_20_4_22_1
PC 20:3-22:2	PC_20_3_22_2
PC 20:2-22:3	PC_20_2_22_3
PC 20:1-22:4	PC_20_1_22_4
PC 20:0-22:5	PC_20_0_22_5
PC 20:4-22:0	PC_20_4_22_0
PC 20:3-22:1	PC_20_3_22_1
PC 20:2-22:2	PC_20_2_22_2
PC 20:1-22:3	PC_20_1_22_3
PC 20:0-22:4	PC_20_0_22_4
PC 20:3-22:0	PC_20_3_22_0
PC 20:2-22:1	PC_20_2_22_1
PC 20:1-22:2	PC_20_1_22_2
PC 20:0-22:3	PC_20_0_22_3
PC 20:2-22:0	PC_20_2_22_0
PC 20:1-22:1	PC_20_1_22_1
PC 20:0-22:2	PC_20_0_22_2
PC 20:1-22:0	PC_20_1_22_0
PC 20:0-22:1	PC_20_0_22_1
PC 20:0-22:0	PC_20_0_22_0
PC 22:6-22:6	PC_22_6_22_6
PC 22:5-22:6	PC_22_5_22_6
PC 22:4-22:6	PC_22_4_22_6
PC 22:5-22:5	PC_22_5_22_5
PC 22:3-22:6	PC_22_3_22_6
PC 22:4-22:5	PC_22_4_22_5
PC 22:2-22:6	PC_22_2_22_6
PC 22:3-22:5	PC_22_3_22_5
PC 22:4-22:4	PC_22_4_22_4
PC 22:1-22:6	PC_22_1_22_6
PC 22:2-22:5	PC_22_2_22_5
PC 22:3-22:4	PC_22_3_22_4
PC 22:0-22:6	PC_22_0_22_6
PC 22:1-22:5	PC_22_1_22_5
PC 22:2-22:4	PC_22_2_22_4
PC 22:3-22:3	PC_22_3_22_3
PC 22:0-22:5	PC_22_0_22_5
PC 22:1-22:4	PC_22_1_22_4
PC 22:2-22:3	PC_22_2_22_3
PC 22:0-22:4	PC_22_0_22_4
PC 22:1-22:3	PC_22_1_22_3
PC 22:2-22:2	PC_22_2_22_2
PC 22:0-22:3	PC_22_0_22_3
PC 22:1-22:2	PC_22_1_22_2
PC 22:0-22:2	PC_22_0_22_2
PC 22:1-22:1	PC_22_1_22_1
PC 22:0-22:1	PC_22_0_22_1
PC 22:0-22:0	PC_22_0_22_0
PI 16:1-16:1	PI_16_1_16_1
PI 16:0-16:1	PI_16_0_16_1
PI 16:0-16:0	PI_16_0_16_0
PI 16:1-18:4	PI_16_1_18_4
PI 16:1-18:3	PI_16_1_18_3
PI 16:0-18:4	PI_16_0_18_4
PI 16:1-18:2	PI_16_1_18_2
PI 16:0-18:3	PI_16_0_18_3
PI 16:1-18:1	PI_16_1_18_1
PI 16:0-18:2	PI_16_0_18_2
PI 16:1-18:0	PI_16_1_18_0
PI 16:0-18:1	PI_16_0_18_1
PI 16:0-18:0	PI_16_0_18_0
PI 18:4-18:4	PI_18_4_18_4
PI 18:3-18:4	PI_18_3_18_4
PI 16:1-20:5	PI_16_1_20_5
PI 18:3-18:3	PI_18_3_18_3
PI 18:2-18:4	PI_18_2_18_4
PI 16:1-20:4	PI_16_1_20_4
PI 16:0-20:5	PI_16_0_20_5
PI 18:2-18:3	PI_18_2_18_3
PI 18:1-18:4	PI_18_1_18_4
PI 16:1-20:3	PI_16_1_20_3
PI 16:0-20:4	PI_16_0_20_4
PI 18:2-18:2	PI_18_2_18_2
PI 18:1-18:3	PI_18_1_18_3
PI 18:0-18:4	PI_18_0_18_4
PI 16:1-20:2	PI_16_1_20_2
PI 16:0-20:3	PI_16_0_20_3
PI 18:1-18:2	PI_18_1_18_2
PI 18:0-18:3	PI_18_0_18_3
PI 16:1-20:1	PI_16_1_20_1
PI 16:0-20:2	PI_16_0_20_2
PI 18:1-18:1	PI_18_1_18_1
PI 18:0-18:2	PI_18_0_18_2
PI 16:1-20:0	PI_16_1_20_0
PI 16:0-20:1	PI_16_0_20_1
PI 18:0-18:1	PI_18_0_18_1
PI 16:0-20:0	PI_16_0_20_0
PI 18:0-18:0	PI_18_0_18_0
PI 18:4-20:5	PI_18_4_20_5
PI 18:4-20:4	PI_18_4_20_4
PI 18:3-20:5	PI_18_3_20_5
PI 16:1-22:6	PI_16_1_22_6
PI 18:4-20:3	PI_18_4_20_3
PI 18:3-20:4	PI_18_3_20_4
PI 18:2-20:5	PI_18_2_20_5
PI 16:1-22:5	PI_16_1_22_5
PI 16:0-22:6	PI_16_0_22_6
PI 18:4-20:2	PI_18_4_20_2
PI 18:3-20:3	PI_18_3_20_3
PI 18:2-20:4	PI_18_2_20_4
PI 18:1-20:5	PI_18_1_20_5
PI 16:1-22:4	PI_16_1_22_4
PI 16:0-22:5	PI_16_0_22_5
PI 18:4-20:1	PI_18_4_20_1
PI 18:3-20:2	PI_18_3_20_2
PI 18:2-20:3	PI_18_2_20_3
PI 18:1-20:4	PI_18_1_20_4
PI 18:0-20:5	PI_18_0_20_5
PI 16:1-22:3	PI_16_1_22_3
PI 16:0-22:4	PI_16_0_22_4
PI 18:4-20:0	PI_18_4_20_0
PI 18:3-20:1	PI_18_3_20_1
PI 18:2-20:2	PI_18_2_20_2
PI 18:1-20:3	PI_18_1_20_3
PI 18:0-20:4	PI_18_0_20_4
PI 16:1-22:2	PI_16_1_22_2
PI 16:0-22:3	PI_16_0_22_3
PI 18:3-20:0	PI_18_3_20_0
PI 18:2-20:1	PI_18_2_20_1
PI 18:1-20:2	PI_18_1_20_2
PI 18:0-20:3	PI_18_0_20_3
PI 16:1-22:1	PI_16_1_22_1
PI 16:0-22:2	PI_16_0_22_2
PI 18:2-20:0	PI_18_2_20_0
PI 18:1-20:1	PI_18_1_20_1
PI 18:0-20:2	PI_18_0_20_2
PI 16:1-22:0	PI_16_1_22_0
PI 16:0-22:1	PI_16_0_22_1
PI 18:1-20:0	PI_18_1_20_0
PI 16:0-22:0	PI_16_0_22_0
PI 18:0-20:0	PI_18_0_20_0
PI 18:4-22:6	PI_18_4_22_6
PI 20:5-20:5	PI_20_5_20_5
PI 18:4-22:5	PI_18_4_22_5
PI 18:3-22:6	PI_18_3_22_6
PI 20:4-20:5	PI_20_4_20_5
PI 18:4-22:4	PI_18_4_22_4
PI 18:3-22:5	PI_18_3_22_5
PI 18:2-22:6	PI_18_2_22_6
PI 20:4-20:4	PI_20_4_20_4
PI 20:3-20:5	PI_20_3_20_5
PI 18:4-22:3	PI_18_4_22_3
PI 18:3-22:4	PI_18_3_22_4
PI 18:2-22:5	PI_18_2_22_5
PI 18:1-22:6	PI_18_1_22_6
PI 20:3-20:4	PI_20_3_20_4
PI 20:2-20:5	PI_20_2_20_5
PI 18:4-22:2	PI_18_4_22_2
PI 18:3-22:3	PI_18_3_22_3
PI 18:2-22:4	PI_18_2_22_4
PI 18:1-22:5	PI_18_1_22_5
PI 18:0-22:6	PI_18_0_22_6
PI 20:3-20:3	PI_20_3_20_3
PI 20:2-20:4	PI_20_2_20_4
PI 20:1-20:5	PI_20_1_20_5
PI 18:4-22:1	PI_18_4_22_1
PI 18:3-22:2	PI_18_3_22_2
PI 18:2-22:3	PI_18_2_22_3
PI 18:1-22:4	PI_18_1_22_4
PI 18:0-22:5	PI_18_0_22_5
PI 20:2-20:3	PI_20_2_20_3
PI 20:1-20:4	PI_20_1_20_4
PI 20:0-20:5	PI_20_0_20_5
PI 20:2-20:2	PI_20_2_20_2
PI 18:4-22:0	PI_18_4_22_0
PI 18:3-22:1	PI_18_3_22_1
PI 18:2-22:2	PI_18_2_22_2
PI 18:1-22:3	PI_18_1_22_3
PI 18:0-22:4	PI_18_0_22_4
PI 20:1-20:3	PI_20_1_20_3
PI 20:0-20:4	PI_20_0_20_4
PI 18:3-22:0	PI_18_3_22_0
PI 18:2-22:1	PI_18_2_22_1
PI 18:1-22:2	PI_18_1_22_2
PI 18:0-22:3	PI_18_0_22_3
PI 20:1-20:2	PI_20_1_20_2
PI 20:0-20:3	PI_20_0_20_3
PI 18:2-22:0	PI_18_2_22_0
PI 18:1-22:1	PI_18_1_22_1
PI 18:0-22:2	PI_18_0_22_2
PI 20:1-20:1	PI_20_1_20_1
PI 20:0-20:2	PI_20_0_20_2
PI 18:1-22:0	PI_18_1_22_0
PI 18:0-22:1	PI_18_0_22_1
PI 20:0-20:1	PI_20_0_20_1
PI 18:0-22:0	PI_18_0_22_0
PI 20:0-20:0	PI_20_0_20_0
PI 20:5-22:6	PI_20_5_22_6
PI 20:5-22:5	PI_20_5_22_5
PI 20:4-22:6	PI_20_4_22_6
PI 20:5-22:4	PI_20_5_22_4
PI 20:4-22:5	PI_20_4_22_5
PI 20:3-22:6	PI_20_3_22_6
PI 20:5-22:3	PI_20_5_22_3
PI 20:4-22:4	PI_20_4_22_4
PI 20:3-22:5	PI_20_3_22_5
PI 20:2-22:6	PI_20_2_22_6
PI 20:5-22:2	PI_20_5_22_2
PI 20:4-22:3	PI_20_4_22_3
PI 20:3-22:4	PI_20_3_22_4
PI 20:2-22:5	PI_20_2_22_5
PI 20:1-22:6	PI_20_1_22_6
PI 20:5-22:1	PI_20_5_22_1
PI 20:4-22:2	PI_20_4_22_2
PI 20:3-22:3	PI_20_3_22_3
PI 20:2-22:4	PI_20_2_22_4
PI 20:1-22:5	PI_20_1_22_5
PI 20:0-22:6	PI_20_0_22_6
PI 20:5-22:0	PI_20_5_22_0
PI 20:4-22:1	PI_20_4_22_1
PI 20:3-22:2	PI_20_3_22_2
PI 20:2-22:3	PI_20_2_22_3
PI 20:1-22:4	PI_20_1_22_4
PI 20:0-22:5	PI_20_0_22_5
PI 20:4-22:0	PI_20_4_22_0
PI 20:3-22:1	PI_20_3_22_1
PI 20:2-22:2	PI_20_2_22_2
